{
    "1": [
        [
            388.4035087719298,
            344.07894736842104
        ],
        [
            386.29411764705884,
            249.13071895424835
        ],
        [
            388.2162162162162,
            287.0990990990991
        ]
    ],
    "3": [
        [
            768.3849462365591,
            289.5548387096774
        ],
        [
            770.7258064516129,
            252.09677419354838
        ],
        [
            770.2075471698113,
            196.09119496855342
        ]
    ],
    "0": [
        [
            263.30263157894734,
            193.56140350877192
        ],
        [
            192.47524752475246,
            193.20792079207922
        ],
        [
            192.5,
            251.3095238095238
        ]
    ],
    "2": [
        [
            577.0,
            279.25
        ],
        [
            625.425,
            203.4
        ],
        [
            577.3571428571429,
            202.5
        ]
    ]
}