{
    "3": [
        [
            747.0651340996168,
            222.62835249042143
        ],
        [
            745.3174603174602,
            164.10204081632654
        ],
        [
            749.8641975308642,
            282.3765432098765
        ]
    ],
    "2": [
        [
            595.2699530516431,
            175.2300469483568
        ],
        [
            548.3675213675214,
            252.36752136752133
        ],
        [
            547.8958333333334,
            174.65277777777774
        ]
    ],
    "0": [
        [
            234.61648745519713,
            164.07168458781362
        ],
        [
            167.15384615384616,
            166.23626373626374
        ],
        [
            164.05228758169935,
            220.6797385620915
        ]
    ]
}